"Longitude (x)","Latitude (y)","Station Name","Climate ID","Date/Time","Year","Month","Day","Data Quality","Max Temp (°C)","Max Temp Flag","Min Temp (°C)","Min Temp Flag","Mean Temp (°C)","Mean Temp Flag","Heat Deg Days (°C)","Heat Deg Days Flag","Cool Deg Days (°C)","Cool Deg Days Flag","Total Rain (mm)","Total Rain Flag","Total Snow (cm)","Total Snow Flag","Total Precip (mm)","Total Precip Flag","Snow on Grnd (cm)","Snow on Grnd Flag","Dir of Max Gust (10s deg)","Dir of Max Gust Flag","Spd of Max Gust (km/h)","Spd of Max Gust Flag"
"-75.72","45.38","OTTAWA CDA RCS","6105978","2024-01-01","2024","01","01","","-4.2","","-7.7","","-6.0","","24.0","","0.0","","","","","","0.0","","","","","","",""
"-75.72","45.38","OTTAWA CDA RCS","6105978","2024-01-02","2024","01","02","","1.0","","-5.9","","-2.5","","20.5","","0.0","","","","","","0.0","","","","19","","36",""
"-75.72","45.38","OTTAWA CDA RCS","6105978","2024-01-03","2024","01","03","","2.8","","0.0","","1.4","","16.6","","0.0","","","","","","0.4","","","","","","",""
"-75.72","45.38","OTTAWA CDA RCS","6105978","2024-01-04","2024","01","04","","0.8","","-11.8","","-5.5","","23.5","","0.0","","","","","","0.2","","","","36","","46",""
"-75.72","45.38","OTTAWA CDA RCS","6105978","2024-01-05","2024","01","05","","-1.4","","-12.7","","-7.0","","25.0","","0.0","","","","","","0.1","","","","21","","36",""
"-75.72","45.38","OTTAWA CDA RCS","6105978","2024-01-06","2024","01","06","","-2.3","","-10.3","","-6.3","","24.3","","0.0","","","","","","2.4","","","","7","","41",""
"-75.72","45.38","OTTAWA CDA RCS","6105978","2024-01-07","2024","01","07","","-4.6","","-9.4","","-7.0","","25.0","","0.0","","","","","","4.3","","","","9","","32",""
"-75.72","45.38","OTTAWA CDA RCS","6105978","2024-01-08","2024","01","08","","-1.6","","-5.6","","-3.6","","21.6","","0.0","","","","","","0.0","","4","","","","",""
"-75.72","45.38","OTTAWA CDA RCS","6105978","2024-01-09","2024","01","09","","-0.1","","-6.7","","-3.4","","21.4","","0.0","","","","","","11.1","","3","","9","","56",""
"-75.72","45.38","OTTAWA CDA RCS","6105978","2024-01-10","2024","01","10","","5.1","","-4.9","","0.1","","17.9","","0.0","","","","","","8.0","","2","","28","","57",""
"-75.72","45.38","OTTAWA CDA RCS","6105978","2024-01-11","2024","01","11","","-4.7","","-7.2","","-5.9","","23.9","","0.0","","","","","","0.6","","0","","29","","35",""
"-75.72","45.38","OTTAWA CDA RCS","6105978","2024-01-12","2024","01","12","","-4.4","","-11.2","","-7.8","","25.8","","0.0","","","","","","3.3","","","","10","","55",""
"-75.72","45.38","OTTAWA CDA RCS","6105978","2024-01-13","2024","01","13","","2.2","","-5.7","","-1.8","","19.8","","0.0","","","","","","16.3","","16","","25","","62",""
"-75.72","45.38","OTTAWA CDA RCS","6105978","2024-01-14","2024","01","14","","-2.8","","-8.6","","-5.7","","23.7","","0.0","","","","","","0.1","","21","","24","","55",""
"-75.72","45.38","OTTAWA CDA RCS","6105978","2024-01-15","2024","01","15","","-6.8","","-13.5","","-10.1","","28.1","","0.0","","","","","","0.0","","20","","21","","42",""
"-75.72","45.38","OTTAWA CDA RCS","6105978","2024-01-16","2024","01","16","","-6.6","","-16.8","","-11.7","","29.7","","0.0","","","","","","2.9","","19","","","","",""
"-75.72","45.38","OTTAWA CDA RCS","6105978","2024-01-17","2024","01","17","","-8.7","","-18.1","","-13.4","","31.4","","0.0","","","","","","0.0","","21","","21","","32",""
"-75.72","45.38","OTTAWA CDA RCS","6105978","2024-01-18","2024","01","18","","-6.8","","-12.7","","-9.7","","27.7","","0.0","","","","","","0.0","","19","","","","",""
"-75.72","45.38","OTTAWA CDA RCS","6105978","2024-01-19","2024","01","19","","-10.9","","-18.4","","-14.6","","32.6","","0.0","","","","","","0.0","","19","","","","",""
"-75.72","45.38","OTTAWA CDA RCS","6105978","2024-01-20","2024","01","20","","-10.7","","-16.7","","-13.7","","31.7","","0.0","","","","","","0.0","","19","","31","","37",""
"-75.72","45.38","OTTAWA CDA RCS","6105978","2024-01-21","2024","01","21","","-9.9","","-17.9","","-13.9","","31.9","","0.0","","","","","","0.0","","19","","","","",""
"-75.72","45.38","OTTAWA CDA RCS","6105978","2024-01-22","2024","01","22","","-0.9","","-14.3","","-7.6","","25.6","","0.0","","","","","","2.3","","18","","22","","42",""
"-75.72","45.38","OTTAWA CDA RCS","6105978","2024-01-23","2024","01","23","","-0.7","","-9.2","","-4.9","","22.9","","0.0","","","","","","0.1","","17","","7","","35",""
"-75.72","45.38","OTTAWA CDA RCS","6105978","2024-01-24","2024","01","24","","-3.2","","-10.5","","-6.8","","24.8","","0.0","","","","","","6.1","","23","","8","","34",""
"-75.72","45.38","OTTAWA CDA RCS","6105978","2024-01-25","2024","01","25","","0.7","","-3.3","","-1.3","","19.3","","0.0","","","","","","1.9","","23","","","","",""
"-75.72","45.38","OTTAWA CDA RCS","6105978","2024-01-26","2024","01","26","","2.0","","-0.6","","0.7","","17.3","","0.0","","","","","","9.4","","21","","","","",""
"-75.72","45.38","OTTAWA CDA RCS","6105978","2024-01-27","2024","01","27","","1.5","","0.2","","0.8","","17.2","","0.0","","","","","","0.5","","19","","","","",""
"-75.72","45.38","OTTAWA CDA RCS","6105978","2024-01-28","2024","01","28","","2.3","","0.0","","1.1","","16.9","","0.0","","","","","","0.0","","18","","","","",""
"-75.72","45.38","OTTAWA CDA RCS","6105978","2024-01-29","2024","01","29","","0.3","","-8.1","","-3.9","","21.9","","0.0","","","","","","0.0","","17","","","","",""
"-75.72","45.38","OTTAWA CDA RCS","6105978","2024-01-30","2024","01","30","","-3.4","","-7.1","","-5.3","","23.3","","0.0","","","","","","0.0","","16","","","","",""
"-75.72","45.38","OTTAWA CDA RCS","6105978","2024-01-31","2024","01","31","","2.2","","-7.4","","-2.6","","20.6","","0.0","","","","","","0.0","","16","","","","",""
"-75.72","45.38","OTTAWA CDA RCS","6105978","2024-02-01","2024","02","01","","3.3","","1.2","","2.3","","15.7","","0.0","","","","","","0.3","","16","","","","",""
"-75.72","45.38","OTTAWA CDA RCS","6105978","2024-02-02","2024","02","02","","2.1","","-4.2","","-1.0","","19.0","","0.0","","","","","","0.0","","16","","35","","37",""
"-75.72","45.38","OTTAWA CDA RCS","6105978","2024-02-03","2024","02","03","","-1.8","","-6.8","","-4.3","","22.3","","0.0","","","","","","0.0","","15","","","","",""
"-75.72","45.38","OTTAWA CDA RCS","6105978","2024-02-04","2024","02","04","","-0.1","","-6.7","","-3.4","","21.4","","0.0","","","","","","0.0","","15","","","","",""
"-75.72","45.38","OTTAWA CDA RCS","6105978","2024-02-05","2024","02","05","","3.0","","-5.2","","-1.1","","19.1","","0.0","","","","","","0.0","","15","","","","",""
"-75.72","45.38","OTTAWA CDA RCS","6105978","2024-02-06","2024","02","06","","2.0","","-9.3","","-3.7","","21.7","","0.0","","","","","","0.0","","15","","","","",""
"-75.72","45.38","OTTAWA CDA RCS","6105978","2024-02-07","2024","02","07","","0.5","","-10.0","","-4.7","","22.7","","0.0","","","","","","0.0","","16","","","","",""
"-75.72","45.38","OTTAWA CDA RCS","6105978","2024-02-08","2024","02","08","","4.4","","-7.1","","-1.4","","19.4","","0.0","","","","","","0.0","","15","","","","",""
"-75.72","45.38","OTTAWA CDA RCS","6105978","2024-02-09","2024","02","09","","9.3","","-1.1","","4.1","","13.9","","0.0","","","","","","1.7","","15","","","","",""
"-75.72","45.38","OTTAWA CDA RCS","6105978","2024-02-10","2024","02","10","","6.1","","2.6","","4.4","","13.6","","0.0","","","","","","0.0","","11","","","","",""
"-75.72","45.38","OTTAWA CDA RCS","6105978","2024-02-11","2024","02","11","","3.2","","0.7","","2.0","","16.0","","0.0","","","","","","0.0","","8","","","","",""
"-75.72","45.38","OTTAWA CDA RCS","6105978","2024-02-12","2024","02","12","","2.7","","-5.0","","-1.2","","19.2","","0.0","","","","","","0.0","","7","","","","",""
"-75.72","45.38","OTTAWA CDA RCS","6105978","2024-02-13","2024","02","13","","3.7","","-9.3","","-2.8","","20.8","","0.0","","","","","","0.0","","6","","34","","51",""
"-75.72","45.38","OTTAWA CDA RCS","6105978","2024-02-14","2024","02","14","","-4.7","","-10.5","","-7.6","","25.6","","0.0","","","","","","0.0","","6","","27","","45",""
"-75.72","45.38","OTTAWA CDA RCS","6105978","2024-02-15","2024","02","15","","-4.0","","-11.7","","-7.9","","25.9","","0.0","","","","","","5.1","","5","","7","","31",""
"-75.72","45.38","OTTAWA CDA RCS","6105978","2024-02-16","2024","02","16","","-2.1","","-10.5","","-6.3","","24.3","","0.0","","","","","","0.5","","17","","26","","42",""
"-75.72","45.38","OTTAWA CDA RCS","6105978","2024-02-17","2024","02","17","","-8.3","","-16.2","","-12.2","","30.2","","0.0","","","","","","0.0","","13","","28","","37",""
"-75.72","45.38","OTTAWA CDA RCS","6105978","2024-02-18","2024","02","18","","-1.1","","-12.8","","-6.9","","24.9","","0.0","","","","","","3.0","","13","","30","","51",""
"-75.72","45.38","OTTAWA CDA RCS","6105978","2024-02-19","2024","02","19","","-9.0","","-14.3","","-11.6","","29.6","","0.0","","","","","","0.0","","10","","31","","44",""
"-75.72","45.38","OTTAWA CDA RCS","6105978","2024-02-20","2024","02","20","","-6.3","","-11.4","","-8.8","","26.8","","0.0","","","","","","0.0","","10","","","","",""
"-75.72","45.38","OTTAWA CDA RCS","6105978","2024-02-21","2024","02","21","","3.9","","-12.5","","-4.3","","22.3","","0.0","","","","","","0.2","","10","","","","",""
"-75.72","45.38","OTTAWA CDA RCS","6105978","2024-02-22","2024","02","22","","7.0","","1.0","","4.0","","14.0","","0.0","","","","","","2.7","","9","","","","",""
"-75.72","45.38","OTTAWA CDA RCS","6105978","2024-02-23","2024","02","23","","4.3","","-12.8","","-4.2","","22.2","","0.0","","","","","","0.1","","6","","35","","43",""
"-75.72","45.38","OTTAWA CDA RCS","6105978","2024-02-24","2024","02","24","","-9.2","","-16.8","","-13.0","","31.0","","0.0","","","","","","0.0","","5","","34","","35",""
"-75.72","45.38","OTTAWA CDA RCS","6105978","2024-02-25","2024","02","25","","1.8","","-13.8","","-6.0","","24.0","","0.0","","","","","","0.4","","5","","18","","39",""
"-75.72","45.38","OTTAWA CDA RCS","6105978","2024-02-26","2024","02","26","","4.2","","-0.6","","1.8","","16.2","","0.0","","","","","","0.1","","4","","30","","40",""
"-75.72","45.38","OTTAWA CDA RCS","6105978","2024-02-27","2024","02","27","","9.6","","-1.4","","4.1","","13.9","","0.0","","","","","","0.0","","4","","","","",""
"-75.72","45.38","OTTAWA CDA RCS","6105978","2024-02-28","2024","02","28","","15.1","","-12.8","","1.2","","16.8","","0.0","","","","","","1.7","","","","29","","80",""
"-75.72","45.38","OTTAWA CDA RCS","6105978","2024-02-29","2024","02","29","","-7.9","","-13.1","","-10.5","","28.5","","0.0","","","","","","0.0","","","","30","","51",""
"-75.72","45.38","OTTAWA CDA RCS","6105978","2024-03-01","2024","03","01","","5.8","","-11.3","","-2.8","","20.8","","0.0","","","","","","0.0","","0","","","","",""
"-75.72","45.38","OTTAWA CDA RCS","6105978","2024-03-02","2024","03","02","","5.9","","-3.7","","1.1","","16.9","","0.0","","","","","","0.2","","0","","","","",""
"-75.72","45.38","OTTAWA CDA RCS","6105978","2024-03-03","2024","03","03","","7.9","","0.7","","4.3","","13.7","","0.0","","","","","","0.0","","0","","","","",""
"-75.72","45.38","OTTAWA CDA RCS","6105978","2024-03-04","2024","03","04","","11.1","","1.7","","6.4","","11.6","","0.0","","","","","","0.0","","0","","","","",""
"-75.72","45.38","OTTAWA CDA RCS","6105978","2024-03-05","2024","03","05","","16.8","","1.3","","9.0","","9.0","","0.0","","","","","","1.3","","0","","19","","32",""
"-75.72","45.38","OTTAWA CDA RCS","6105978","2024-03-06","2024","03","06","","6.4","","3.7","","5.0","","13.0","","0.0","","","","","","2.5","","","","","","",""
"-75.72","45.38","OTTAWA CDA RCS","6105978","2024-03-07","2024","03","07","","10.6","","0.0","","5.3","","12.7","","0.0","","","","","","0.0","","","","","","",""
"-75.72","45.38","OTTAWA CDA RCS","6105978","2024-03-08","2024","03","08","","8.0","","-2.3","","2.8","","15.2","","0.0","","","","","","0.0","","","","9","","33",""
"-75.72","45.38","OTTAWA CDA RCS","6105978","2024-03-09","2024","03","09","","7.0","","0.8","","3.9","","14.1","","0.0","","","","","","11.9","","","","16","","50",""
"-75.72","45.38","OTTAWA CDA RCS","6105978","2024-03-10","2024","03","10","","5.0","","-4.2","","0.4","","17.6","","0.0","","","","","","6.9","","","","31","","44",""
"-75.72","45.38","OTTAWA CDA RCS","6105978","2024-03-11","2024","03","11","","5.3","","-3.4","","0.9","","17.1","","0.0","","","","","","0.0","","","","32","","52",""
"-75.72","45.38","OTTAWA CDA RCS","6105978","2024-03-12","2024","03","12","","11.3","","-1.8","","4.8","","13.2","","0.0","","","","","","0.0","","","","","","",""
"-75.72","45.38","OTTAWA CDA RCS","6105978","2024-03-13","2024","03","13","","9.6","","-0.2","","4.7","","13.3","","0.0","","","","","","0.0","","","","8","","33",""
"-75.72","45.38","OTTAWA CDA RCS","6105978","2024-03-14","2024","03","14","","13.3","","-1.3","","6.0","","12.0","","0.0","","","","","","1.1","","","","","","",""
"-75.72","45.38","OTTAWA CDA RCS","6105978","2024-03-15","2024","03","15","","12.0","","2.0","","7.0","","11.0","","0.0","","","","","","0.8","","","","","","",""
"-75.72","45.38","OTTAWA CDA RCS","6105978","2024-03-16","2024","03","16","","6.5","","-0.9","","2.8","","15.2","","0.0","","","","","","2.9","","","","21","","34",""
"-75.72","45.38","OTTAWA CDA RCS","6105978","2024-03-17","2024","03","17","","6.7","","1.2","","4.0","","14.0","","0.0","","","","","","3.2","","","","27","","35",""
"-75.72","45.38","OTTAWA CDA RCS","6105978","2024-03-18","2024","03","18","","1.9","","-4.2","","-1.2","","19.2","","0.0","","","","","","0.6","","","","30","","43",""
"-75.72","45.38","OTTAWA CDA RCS","6105978","2024-03-19","2024","03","19","","0.2","","-6.1","","-3.0","","21.0","","0.0","","","","","","0.4","","","","33","","37",""
"-75.72","45.38","OTTAWA CDA RCS","6105978","2024-03-20","2024","03","20","","3.3","","-7.4","","-2.0","","20.0","","0.0","","","","","","0.0","","","","32","","49",""
"-75.72","45.38","OTTAWA CDA RCS","6105978","2024-03-21","2024","03","21","","-3.6","","-10.5","","-7.0","","25.0","","0.0","","","","","","0.0","","","","32","","53",""
"-75.72","45.38","OTTAWA CDA RCS","6105978","2024-03-22","2024","03","22","","-3.8","","-11.7","","-7.8","","25.8","","0.0","","","","","","0.0","","","","","","",""
"-75.72","45.38","OTTAWA CDA RCS","6105978","2024-03-23","2024","03","23","","-0.1","","-7.2","","-3.6","","21.6","","0.0","","","","","","0.2","","","","8","","34",""
"-75.72","45.38","OTTAWA CDA RCS","6105978","2024-03-24","2024","03","24","","1.5","","-8.3","","-3.4","","21.4","","0.0","","","","","","0.0","","","","","","",""
"-75.72","45.38","OTTAWA CDA RCS","6105978","2024-03-25","2024","03","25","","9.5","","-5.5","","2.0","","16.0","","0.0","","","","","","0.0","","","","10","","40",""
"-75.72","45.38","OTTAWA CDA RCS","6105978","2024-03-26","2024","03","26","","11.8","","0.0","","5.9","","12.1","","0.0","","","","","","0.0","","","","9","","41",""
"-75.72","45.38","OTTAWA CDA RCS","6105978","2024-03-27","2024","03","27","","15.9","","5.1","","10.5","","7.5","","0.0","","","","","","1.2","","","","22","","41",""
"-75.72","45.38","OTTAWA CDA RCS","6105978","2024-03-28","2024","03","28","","10.2","","1.8","","6.0","","12.0","","0.0","","","","","","0.0","","","","20","","34",""
"-75.72","45.38","OTTAWA CDA RCS","6105978","2024-03-29","2024","03","29","","7.8","","-2.0","","2.9","","15.1","","0.0","","","","","","0.0","","","","29","","48",""
"-75.72","45.38","OTTAWA CDA RCS","6105978","2024-03-30","2024","03","30","","7.2","","-1.0","","3.1","","14.9","","0.0","","","","","","0.0","","","","31","","43",""
"-75.72","45.38","OTTAWA CDA RCS","6105978","2024-03-31","2024","03","31","","10.6","","-0.1","","5.3","","12.7","","0.0","","","","","","0.0","","","","32","","41",""
"-75.72","45.38","OTTAWA CDA RCS","6105978","2024-04-01","2024","04","01","","11.0","","-1.7","","4.7","","13.3","","0.0","","","","","","0.0","","","","34","","33",""
"-75.72","45.38","OTTAWA CDA RCS","6105978","2024-04-02","2024","04","02","","11.8","","-1.0","","5.4","","12.6","","0.0","","","","","","0.0","","","","7","","55",""
"-75.72","45.38","OTTAWA CDA RCS","6105978","2024-04-03","2024","04","03","","6.3","","0.4","","3.3","","14.7","","0.0","","","","","","25.3","","","","10","","66",""
"-75.72","45.38","OTTAWA CDA RCS","6105978","2024-04-04","2024","04","04","","1.3","","-1.1","","0.1","","17.9","","0.0","","","","","","3.0","","3","","7","","62",""
"-75.72","45.38","OTTAWA CDA RCS","6105978","2024-04-05","2024","04","05","","6.8","","0.3","","3.5","","14.5","","0.0","","","","","","3.1","","8","","36","","45",""
"-75.72","45.38","OTTAWA CDA RCS","6105978","2024-04-06","2024","04","06","","12.0","","3.0","","7.5","","10.5","","0.0","","","","","","0.0","","","","3","","38",""
"-75.72","45.38","OTTAWA CDA RCS","6105978","2024-04-07","2024","04","07","","16.7","","-1.1","","7.8","","10.2","","0.0","","","","","","0.0","","","","","","",""
"-75.72","45.38","OTTAWA CDA RCS","6105978","2024-04-08","2024","04","08","","18.3","","0.7","","9.5","","8.5","","0.0","","","","","","0.0","","","","","","",""
"-75.72","45.38","OTTAWA CDA RCS","6105978","2024-04-09","2024","04","09","","20.8","","4.5","","12.7","","5.3","","0.0","","","","","","0.0","","","","12","","34",""
"-75.72","45.38","OTTAWA CDA RCS","6105978","2024-04-10","2024","04","10","","22.2","","6.6","","14.4","","3.6","","0.0","","","","","","0.0","","","","24","","32",""
"-75.72","45.38","OTTAWA CDA RCS","6105978","2024-04-11","2024","04","11","","12.9","","4.9","","8.9","","9.1","","0.0","","","","","","24.1","","","","9","","37",""
"-75.72","45.38","OTTAWA CDA RCS","6105978","2024-04-12","2024","04","12","","16.7","","6.8","","11.8","","6.2","","0.0","","","","","","4.1","","","","22","","58",""
"-75.72","45.38","OTTAWA CDA RCS","6105978","2024-04-13","2024","04","13","","6.8","","2.8","","4.8","","13.2","","0.0","","","","","","2.8","","","","30","","53",""
"-75.72","45.38","OTTAWA CDA RCS","6105978","2024-04-14","2024","04","14","","8.8","","0.0","","4.4","","13.6","","0.0","","","","","","0.8","","","","","","",""
"-75.72","45.38","OTTAWA CDA RCS","6105978","2024-04-15","2024","04","15","","14.4","","3.4","","8.9","","9.1","","0.0","","","","","","1.6","","","","32","","48",""
"-75.72","45.38","OTTAWA CDA RCS","6105978","2024-04-16","2024","04","16","","14.0","","2.0","","8.0","","10.0","","0.0","","","","","","0.0","","","","2","","33",""
"-75.72","45.38","OTTAWA CDA RCS","6105978","2024-04-17","2024","04","17","","10.9","","0.8","","5.9","","12.1","","0.0","","","","","","0.0","","","","10","","51",""
"-75.72","45.38","OTTAWA CDA RCS","6105978","2024-04-18","2024","04","18","","8.9","","3.8","","6.3","","11.7","","0.0","","","","","","8.1","","","","10","","47",""
"-75.72","45.38","OTTAWA CDA RCS","6105978","2024-04-19","2024","04","19","","11.9","","6.2","","9.0","","9.0","","0.0","","","","","","2.0","","","","26","","49",""
"-75.72","45.38","OTTAWA CDA RCS","6105978","2024-04-20","2024","04","20","","8.3","","2.7","","5.5","","12.5","","0.0","","","","","","1.2","","","","27","","58",""
"-75.72","45.38","OTTAWA CDA RCS","6105978","2024-04-21","2024","04","21","","9.3","","-0.5","","4.4","","13.6","","0.0","","","","","","0.3","","","","31","","52",""
"-75.72","45.38","OTTAWA CDA RCS","6105978","2024-04-22","2024","04","22","","11.4","","-2.2","","4.6","","13.4","","0.0","","","","","","0.0","","","","19","","41",""
"-75.72","45.38","OTTAWA CDA RCS","6105978","2024-04-23","2024","04","23","","17.2","","1.0","","9.1","","8.9","","0.0","","","","","","5.4","","","","22","","67",""
"-75.72","45.38","OTTAWA CDA RCS","6105978","2024-04-24","2024","04","24","","9.0","","-1.4","","3.8","","14.2","","0.0","","","","","","6.0","","","","34","","57",""
"-75.72","45.38","OTTAWA CDA RCS","6105978","2024-04-25","2024","04","25","","8.9","","-3.0","","2.9","","15.1","","0.0","","","","","","0.0","","","","","","",""
"-75.72","45.38","OTTAWA CDA RCS","6105978","2024-04-26","2024","04","26","","14.4","","-2.3","","6.0","","12.0","","0.0","","","","","","0.0","","","","","","",""
"-75.72","45.38","OTTAWA CDA RCS","6105978","2024-04-27","2024","04","27","","19.5","","2.6","","11.1","","6.9","","0.0","","","","","","2.8","","","","17","","43",""
"-75.72","45.38","OTTAWA CDA RCS","6105978","2024-04-28","2024","04","28","","20.7","","7.6","","14.2","","3.8","","0.0","","","","","","2.5","","","","33","","38",""
"-75.72","45.38","OTTAWA CDA RCS","6105978","2024-04-29","2024","04","29","","12.0","","5.5","","8.7","","9.3","","0.0","","","","","","2.8","","","","8","","40",""
"-75.72","45.38","OTTAWA CDA RCS","6105978","2024-04-30","2024","04","30","","8.2","","6.1","","7.2","","10.8","","0.0","","","","","","13.5","","","","7","","43",""
"-75.72","45.38","OTTAWA CDA RCS","6105978","2024-05-01","2024","05","01","","15.6","","5.9","","10.7","","7.3","","0.0","","","","","","0.5","","","","","","",""
"-75.72","45.38","OTTAWA CDA RCS","6105978","2024-05-02","2024","05","02","","18.6","","7.1","","12.8","","5.2","","0.0","","","","","","0.0","","","","","","",""
"-75.72","45.38","OTTAWA CDA RCS","6105978","2024-05-03","2024","05","03","","18.4","","8.5","","13.5","","4.5","","0.0","","","","","","0.0","","","","","","",""
"-75.72","45.38","OTTAWA CDA RCS","6105978","2024-05-04","2024","05","04","","23.0","","12.0","","17.5","","0.5","","0.0","","","","","","0.0","","","","","","",""
"-75.72","45.38","OTTAWA CDA RCS","6105978","2024-05-05","2024","05","05","","16.6","","11.6","","14.1","","3.9","","0.0","","","","","","7.5","","","","18","","42",""
"-75.72","45.38","OTTAWA CDA RCS","6105978","2024-05-06","2024","05","06","","20.7","","9.3","","15.0","","3.0","","0.0","","","","","","0.0","","","","26","","35",""
"-75.72","45.38","OTTAWA CDA RCS","6105978","2024-05-07","2024","05","07","","21.5","","5.8","","13.7","","4.3","","0.0","","","","","","0.0","","","","26","","31",""
"-75.72","45.38","OTTAWA CDA RCS","6105978","2024-05-08","2024","05","08","","15.3","","8.1","","11.7","","6.3","","0.0","","","","","","8.1","","","","8","","43",""
"-75.72","45.38","OTTAWA CDA RCS","6105978","2024-05-09","2024","05","09","","17.0","","4.4","","10.7","","7.3","","0.0","","","","","","0.0","","","","","","",""
"-75.72","45.38","OTTAWA CDA RCS","6105978","2024-05-10","2024","05","10","","17.4","","7.2","","12.3","","5.7","","0.0","","","","","","0.0","","","","","","",""
"-75.72","45.38","OTTAWA CDA RCS","6105978","2024-05-11","2024","05","11","","17.3","","5.5","","11.4","","6.6","","0.0","","","","","","1.3","","","","17","","33",""
"-75.72","45.38","OTTAWA CDA RCS","6105978","2024-05-12","2024","05","12","","16.6","","9.6","","13.1","","4.9","","0.0","","","","","","2.6","","","","16","","31",""
"-75.72","45.38","OTTAWA CDA RCS","6105978","2024-05-13","2024","05","13","","19.3","","9.3","","14.3","","3.7","","0.0","","","","","","0.9","","","","20","","49",""
"-75.72","45.38","OTTAWA CDA RCS","6105978","2024-05-14","2024","05","14","","21.6","","13.2","","17.4","","0.6","","0.0","","","","","","5.3","","","","","","",""
"-75.72","45.38","OTTAWA CDA RCS","6105978","2024-05-15","2024","05","15","","20.0","","11.2","","15.6","","2.4","","0.0","","","","","","0.3","","","","","","",""
"-75.72","45.38","OTTAWA CDA RCS","6105978","2024-05-16","2024","05","16","","23.4","","12.5","","18.0","","0.0","","0.0","","","","","","0.0","","","","","","",""
"-75.72","45.38","OTTAWA CDA RCS","6105978","2024-05-17","2024","05","17","","24.0","","13.4","","18.7","","0.0","","0.7","","","","","","2.6","","","","","","",""
"-75.72","45.38","OTTAWA CDA RCS","6105978","2024-05-18","2024","05","18","","24.2","","15.0","","19.6","","0.0","","1.6","","","","","","0.3","","","","","","",""
"-75.72","45.38","OTTAWA CDA RCS","6105978","2024-05-19","2024","05","19","","26.6","","12.0","","19.3","","0.0","","1.3","","","","","","0.0","","","","","","",""
"-75.72","45.38","OTTAWA CDA RCS","6105978","2024-05-20","2024","05","20","","28.7","","15.8","","22.3","","0.0","","4.3","","","","","","0.0","","","","","","",""
"-75.72","45.38","OTTAWA CDA RCS","6105978","2024-05-21","2024","05","21","","23.5","","16.4","","19.9","","0.0","","1.9","","","","","","12.5","","","","26","","35",""
"-75.72","45.38","OTTAWA CDA RCS","6105978","2024-05-22","2024","05","22","","30.2","","16.0","","23.1","","0.0","","5.1","","","","","","0.9","","","","21","","48",""
"-75.72","45.38","OTTAWA CDA RCS","6105978","2024-05-23","2024","05","23","","24.8","","16.7","","20.8","","0.0","","2.8","","","","","","0.1","","","","26","","49",""
"-75.72","45.38","OTTAWA CDA RCS","6105978","2024-05-24","2024","05","24","","17.9","","10.1","","14.0","","4.0","","0.0","","","","","","0.0","","","","31","","51",""
"-75.72","45.38","OTTAWA CDA RCS","6105978","2024-05-25","2024","05","25","","19.2","","7.5","","13.4","","4.6","","0.0","","","","","","0.1","","","","","","",""
"-75.72","45.38","OTTAWA CDA RCS","6105978","2024-05-26","2024","05","26","","21.1","","14.0","","17.5","","0.5","","0.0","","","","","","0.0","","","","","","",""
"-75.72","45.38","OTTAWA CDA RCS","6105978","2024-05-27","2024","05","27","","23.0","","16.3","","19.7","","0.0","","1.7","","","","","","29.4","","","","21","","45",""
"-75.72","45.38","OTTAWA CDA RCS","6105978","2024-05-28","2024","05","28","","20.2","","12.5","","16.3","","1.7","","0.0","","","","","","0.7","","","","27","","36",""
"-75.72","45.38","OTTAWA CDA RCS","6105978","2024-05-29","2024","05","29","","16.8","","9.2","","13.0","","5.0","","0.0","","","","","","0.0","","","","36","","32",""
"-75.72","45.38","OTTAWA CDA RCS","6105978","2024-05-30","2024","05","30","","19.7","","7.5","","13.6","","4.4","","0.0","","","","","","0.0","","","","33","","32",""
"-75.72","45.38","OTTAWA CDA RCS","6105978","2024-05-31","2024","05","31","","24.7","","9.6","","17.2","","0.8","","0.0","","","","","","0.0","","","","26","","36",""
"-75.72","45.38","OTTAWA CDA RCS","6105978","2024-06-01","2024","06","01","","26.7","","13.0","","19.8","","0.0","","1.8","","","","","","0.0","","","","","","",""
"-75.72","45.38","OTTAWA CDA RCS","6105978","2024-06-02","2024","06","02","","26.2","","13.5","","19.9","","0.0","","1.9","","","","","","0.0","","","","","","",""
"-75.72","45.38","OTTAWA CDA RCS","6105978","2024-06-03","2024","06","03","","28.9","","13.2","","21.1","","0.0","","3.1","","","","","","0.0","","","","","","",""
"-75.72","45.38","OTTAWA CDA RCS","6105978","2024-06-04","2024","06","04","","29.3","","14.9","","22.1","","0.0","","4.1","","","","","","0.0","","","","","","",""
"-75.72","45.38","OTTAWA CDA RCS","6105978","2024-06-05","2024","06","05","","31.0","","18.6","","24.8","","0.0","","6.8","","","","","","0.0","","","","19","","32",""
"-75.72","45.38","OTTAWA CDA RCS","6105978","2024-06-06","2024","06","06","","23.4","","16.1","","19.8","","0.0","","1.8","","","","","","50.6","","","","27","","46",""
"-75.72","45.38","OTTAWA CDA RCS","6105978","2024-06-07","2024","06","07","","20.4","","14.0","","17.2","","0.8","","0.0","","","","","","13.4","","","","25","","47",""
"-75.72","45.38","OTTAWA CDA RCS","6105978","2024-06-08","2024","06","08","","21.0","","13.4","","17.2","","0.8","","0.0","","","","","","2.9","","","","29","","40",""
"-75.72","45.38","OTTAWA CDA RCS","6105978","2024-06-09","2024","06","09","","18.6","","12.6","","15.6","","2.4","","0.0","","","","","","1.5","","","","26","","52",""
"-75.72","45.38","OTTAWA CDA RCS","6105978","2024-06-10","2024","06","10","","14.8","","10.1","","12.5","","5.5","","0.0","","","","","","0.0","","","","29","","40",""
"-75.72","45.38","OTTAWA CDA RCS","6105978","2024-06-11","2024","06","11","","16.2","","9.8","","13.0","","5.0","","0.0","","","","","","0.0","","","","","","",""
"-75.72","45.38","OTTAWA CDA RCS","6105978","2024-06-12","2024","06","12","","21.6","","13.3","","17.4","","0.6","","0.0","","","","","","0.0","","","","","","",""
"-75.72","45.38","OTTAWA CDA RCS","6105978","2024-06-13","2024","06","13","","26.0","","10.7","","18.4","","0.0","","0.4","","","","","","10.0","","","","27","","56",""
"-75.72","45.38","OTTAWA CDA RCS","6105978","2024-06-14","2024","06","14","","22.1","","12.1","","17.1","","0.9","","0.0","","","","","","0.0","","","","33","","37",""
"-75.72","45.38","OTTAWA CDA RCS","6105978","2024-06-15","2024","06","15","","19.0","","8.8","","13.9","","4.1","","0.0","","","","","","0.0","","","","1","","35",""
"-75.72","45.38","OTTAWA CDA RCS","6105978","2024-06-16","2024","06","16","","20.9","","6.8","","13.8","","4.2","","0.0","","","","","","0.0","","","","","","",""
"-75.72","45.38","OTTAWA CDA RCS","6105978","2024-06-17","2024","06","17","","30.2","","14.9","","22.6","","0.0","","4.6","","","","","","0.5","","","","22","","34",""
"-75.72","45.38","OTTAWA CDA RCS","6105978","2024-06-18","2024","06","18","","32.6","","20.3","","26.5","","0.0","","8.5","","","","","","0.0","","","","20","","32",""
"-75.72","45.38","OTTAWA CDA RCS","6105978","2024-06-19","2024","06","19","","33.3","","21.9","","27.6","","0.0","","9.6","","","","","","0.0","","","","20","","39",""
"-75.72","45.38","OTTAWA CDA RCS","6105978","2024-06-20","2024","06","20","","29.4","","18.4","","23.9","","0.0","","5.9","","","","","","0.0","","","","31","","35",""
"-75.72","45.38","OTTAWA CDA RCS","6105978","2024-06-21","2024","06","21","","22.1","","18.1","","20.1","","0.0","","2.1","","","","","","0.4","","","","","","",""
"-75.72","45.38","OTTAWA CDA RCS","6105978","2024-06-22","2024","06","22","","21.4","","17.1","","19.2","","0.0","","1.2","","","","","","2.6","","","","","","",""
"-75.72","45.38","OTTAWA CDA RCS","6105978","2024-06-23","2024","06","23","","26.4","","15.7","","21.1","","0.0","","3.1","","","","","","43.9","","","","30","","46",""
"-75.72","45.38","OTTAWA CDA RCS","6105978","2024-06-24","2024","06","24","","27.0","","14.9","","21.0","","0.0","","3.0","","","","","","14.0","","","","2","","46",""
"-75.72","45.38","OTTAWA CDA RCS","6105978","2024-06-25","2024","06","25","","26.8","","16.9","","21.9","","0.0","","3.9","","","","","","0.0","","","","23","","46",""
"-75.72","45.38","OTTAWA CDA RCS","6105978","2024-06-26","2024","06","26","","26.0","","14.8","","20.4","","0.0","","2.4","","","","","","10.4","","","","26","","39",""
"-75.72","45.38","OTTAWA CDA RCS","6105978","2024-06-27","2024","06","27","","18.7","","8.9","","13.8","","4.2","","0.0","","","","","","0.0","","","","30","","48",""
"-75.72","45.38","OTTAWA CDA RCS","6105978","2024-06-28","2024","06","28","","23.4","","7.3","","15.4","","2.6","","0.0","","","","","","0.0","","","","21","","31",""
"-75.72","45.38","OTTAWA CDA RCS","6105978","2024-06-29","2024","06","29","","22.7","","17.4","","20.0","","0.0","","2.0","","","","","","8.4","","","","19","","34",""
"-75.72","45.38","OTTAWA CDA RCS","6105978","2024-06-30","2024","06","30","","25.0","","15.6","","20.3","","0.0","","2.3","","","","","","0.0","","","","31","","47",""
"-75.72","45.38","OTTAWA CDA RCS","6105978","2024-07-01","2024","07","01","","24.9","","13.5","","19.2","","0.0","","1.2","","","","","","0.0","","","","","","",""
"-75.72","45.38","OTTAWA CDA RCS","6105978","2024-07-02","2024","07","02","","27.1","","12.7","","19.9","","0.0","","1.9","","","","","","0.0","","","","17","","34",""
"-75.72","45.38","OTTAWA CDA RCS","6105978","2024-07-03","2024","07","03","","28.1","","18.4","","23.2","","0.0","","5.2","","","","","","0.7","","","","20","","40",""
"-75.72","45.38","OTTAWA CDA RCS","6105978","2024-07-04","2024","07","04","","29.5","","18.5","","24.0","","0.0","","6.0","","","","","","0.6","","","","","","",""
"-75.72","45.38","OTTAWA CDA RCS","6105978","2024-07-05","2024","07","05","","29.6","","19.5","","24.6","","0.0","","6.6","","","","","","1.4","","","","1","","37",""
"-75.72","45.38","OTTAWA CDA RCS","6105978","2024-07-06","2024","07","06","","28.1","","18.8","","23.4","","0.0","","5.4","","","","","","12.2","","","","25","","44",""
"-75.72","45.38","OTTAWA CDA RCS","6105978","2024-07-07","2024","07","07","","27.8","","19.3","","23.6","","0.0","","5.6","","","","","","0.0","","","","","","",""
"-75.72","45.38","OTTAWA CDA RCS","6105978","2024-07-08","2024","07","08","","28.9","","18.4","","23.6","","0.0","","5.6","","","","","","0.0","","","","","","",""
"-75.72","45.38","OTTAWA CDA RCS","6105978","2024-07-09","2024","07","09","","28.4","","19.2","","23.8","","0.0","","5.8","","","","","","13.9","","","","28","","54",""
"-75.72","45.38","OTTAWA CDA RCS","6105978","2024-07-10","2024","07","10","","21.6","","18.3","","20.0","","0.0","","2.0","","","","","","21.0","","","","4","","32",""
"-75.72","45.38","OTTAWA CDA RCS","6105978","2024-07-11","2024","07","11","","21.9","","18.9","","20.4","","0.0","","2.4","","","","","","9.2","","","","","","",""
"-75.72","45.38","OTTAWA CDA RCS","6105978","2024-07-12","2024","07","12","","28.1","","19.2","","23.6","","0.0","","5.6","","","","","","0.0","","","","","","",""
"-75.72","45.38","OTTAWA CDA RCS","6105978","2024-07-13","2024","07","13","","28.6","","19.7","","24.2","","0.0","","6.2","","","","","","2.6","","","","31","","38",""
"-75.72","45.38","OTTAWA CDA RCS","6105978","2024-07-14","2024","07","14","","29.6","","17.3","","23.4","","0.0","","5.4","","","","","","0.0","","","","22","","32",""
"-75.72","45.38","OTTAWA CDA RCS","6105978","2024-07-15","2024","07","15","","30.0","","19.6","","24.8","","0.0","","6.8","","","","","","9.4","","","","33","","42",""
"-75.72","45.38","OTTAWA CDA RCS","6105978","2024-07-16","2024","07","16","","26.2","","19.7","","22.9","","0.0","","4.9","","","","","","0.2","","","","22","","31",""
"-75.72","45.38","OTTAWA CDA RCS","6105978","2024-07-17","2024","07","17","","27.6","","17.7","","22.7","","0.0","","4.7","","","","","","5.3","","","","33","","31",""
"-75.72","45.38","OTTAWA CDA RCS","6105978","2024-07-18","2024","07","18","","20.1","","14.2","","17.2","","0.8","","0.0","","","","","","0.0","","","","27","","33",""
"-75.72","45.38","OTTAWA CDA RCS","6105978","2024-07-19","2024","07","19","","25.7","","13.3","","19.5","","0.0","","1.5","","","","","","0.0","","","","","","",""
"-75.72","45.38","OTTAWA CDA RCS","6105978","2024-07-20","2024","07","20","","27.8","","13.6","","20.7","","0.0","","2.7","","","","","","1.2","","","","31","","36",""
"-75.72","45.38","OTTAWA CDA RCS","6105978","2024-07-21","2024","07","21","","24.4","","13.4","","18.9","","0.0","","0.9","","","","","","0.0","","","","","","",""
"-75.72","45.38","OTTAWA CDA RCS","6105978","2024-07-22","2024","07","22","","26.6","","11.4","","19.0","","0.0","","1.0","","","","","","0.0","","","","","","",""
"-75.72","45.38","OTTAWA CDA RCS","6105978","2024-07-23","2024","07","23","","27.5","","17.7","","22.6","","0.0","","4.6","","","","","","0.0","","","","","","",""
"-75.72","45.38","OTTAWA CDA RCS","6105978","2024-07-24","2024","07","24","","24.8","","17.2","","21.0","","0.0","","3.0","","","","","","26.8","","","","28","","58",""
"-75.72","45.38","OTTAWA CDA RCS","6105978","2024-07-25","2024","07","25","","20.7","","16.1","","18.4","","0.0","","0.4","","","","","","0.1","","","","31","","48",""
"-75.72","45.38","OTTAWA CDA RCS","6105978","2024-07-26","2024","07","26","","26.7","","14.6","","20.6","","0.0","","2.6","","","","","","0.0","","","","29","","33",""
"-75.72","45.38","OTTAWA CDA RCS","6105978","2024-07-27","2024","07","27","","27.6","","16.4","","22.0","","0.0","","4.0","","","","","","0.0","","","","","","",""
"-75.72","45.38","OTTAWA CDA RCS","6105978","2024-07-28","2024","07","28","","28.9","","15.9","","22.4","","0.0","","4.4","","","","","","0.0","","","","","","",""
"-75.72","45.38","OTTAWA CDA RCS","6105978","2024-07-29","2024","07","29","","27.2","","15.1","","21.1","","0.0","","3.1","","","","","","0.0","","","","","","",""
"-75.72","45.38","OTTAWA CDA RCS","6105978","2024-07-30","2024","07","30","","30.1","","15.1","","22.6","","0.0","","4.6","","","","","","0.0","","","","","","",""
"-75.72","45.38","OTTAWA CDA RCS","6105978","2024-07-31","2024","07","31","","29.8","","21.4","","25.6","","0.0","","7.6","","","","","","0.0","","","","33","","35",""
"-75.72","45.38","OTTAWA CDA RCS","6105978","2024-08-01","2024","08","01","","31.6","","21.1","","26.4","","0.0","","8.4","","","","","","0.0","","","","","","",""
"-75.72","45.38","OTTAWA CDA RCS","6105978","2024-08-02","2024","08","02","","31.3","","18.9","","25.1","","0.0","","7.1","","","","","","0.0","","","","","","",""
"-75.72","45.38","OTTAWA CDA RCS","6105978","2024-08-03","2024","08","03","","31.3","","20.5","","25.9","","0.0","","7.9","","","","","","0.0","","","","34","","35",""
"-75.72","45.38","OTTAWA CDA RCS","6105978","2024-08-04","2024","08","04","","30.9","","17.6","","24.3","","0.0","","6.3","","","","","","0.0","","","","29","","36",""
"-75.72","45.38","OTTAWA CDA RCS","6105978","2024-08-05","2024","08","05","","20.1","","12.2","","16.2","","1.8","","0.0","","","","","","10.4","","","","","","",""
"-75.72","45.38","OTTAWA CDA RCS","6105978","2024-08-06","2024","08","06","","23.6","","12.8","","18.2","","0.0","","0.2","","","","","","0.0","","","","","","",""
"-75.72","45.38","OTTAWA CDA RCS","6105978","2024-08-07","2024","08","07","","25.0","","12.2","","18.6","","0.0","","0.6","","","","","","0.0","","","","","","",""
"-75.72","45.38","OTTAWA CDA RCS","6105978","2024-08-08","2024","08","08","","25.6","","12.3","","18.9","","0.0","","0.9","","","","","","2.2","","","","12","","35",""
"-75.72","45.38","OTTAWA CDA RCS","6105978","2024-08-09","2024","08","09","","20.9","","18.1","","19.5","","0.0","","1.5","","","","","","74.1","","","","2","","36",""
"-75.72","45.38","OTTAWA CDA RCS","6105978","2024-08-10","2024","08","10","","24.8","","15.2","","20.0","","0.0","","2.0","","","","","","1.1","","","","21","","40",""
"-75.72","45.38","OTTAWA CDA RCS","6105978","2024-08-11","2024","08","11","","22.2","","13.8","","18.0","","0.0","","0.0","","","","","","4.0","","","","23","","39",""
"-75.72","45.38","OTTAWA CDA RCS","6105978","2024-08-12","2024","08","12","","22.0","","13.1","","17.5","","0.5","","0.0","","","","","","0.0","","","","28","","39",""
"-75.72","45.38","OTTAWA CDA RCS","6105978","2024-08-13","2024","08","13","","27.5","","13.9","","20.7","","0.0","","2.7","","","","","","0.0","","","","","","",""
"-75.72","45.38","OTTAWA CDA RCS","6105978","2024-08-14","2024","08","14","","28.6","","17.8","","23.2","","0.0","","5.2","","","","","","0.0","","","","","","",""
"-75.72","45.38","OTTAWA CDA RCS","6105978","2024-08-15","2024","08","15","","29.7","","18.9","","24.3","","0.0","","6.3","","","","","","0.0","","","","","","",""
"-75.72","45.38","OTTAWA CDA RCS","6105978","2024-08-16","2024","08","16","","29.8","","17.9","","23.9","","0.0","","5.9","","","","","","0.0","","","","","","",""
"-75.72","45.38","OTTAWA CDA RCS","6105978","2024-08-17","2024","08","17","","25.1","","19.5","","22.3","","0.0","","4.3","","","","","","9.2","","","","","","",""
"-75.72","45.38","OTTAWA CDA RCS","6105978","2024-08-18","2024","08","18","","27.0","","19.7","","23.3","","0.0","","5.3","","","","","","4.6","","","","19","","41",""
"-75.72","45.38","OTTAWA CDA RCS","6105978","2024-08-19","2024","08","19","","19.9","","11.1","","15.5","","2.5","","0.0","","","","","","1.5","","","","34","","44",""
"-75.72","45.38","OTTAWA CDA RCS","6105978","2024-08-20","2024","08","20","","20.1","","11.3","","15.7","","2.3","","0.0","","","","","","0.0","","","","35","","46",""
"-75.72","45.38","OTTAWA CDA RCS","6105978","2024-08-21","2024","08","21","","19.6","","12.9","","16.3","","1.7","","0.0","","","","","","6.5","","","","3","","33",""
"-75.72","45.38","OTTAWA CDA RCS","6105978","2024-08-22","2024","08","22","","23.5","","13.5","","18.5","","0.0","","0.5","","","","","","0.0","","","","31","","35",""
"-75.72","45.38","OTTAWA CDA RCS","6105978","2024-08-23","2024","08","23","","25.3","","11.5","","18.4","","0.0","","0.4","","","","","","0.0","","","","24","","46",""
"-75.72","45.38","OTTAWA CDA RCS","6105978","2024-08-24","2024","08","24","","25.7","","12.5","","19.1","","0.0","","1.1","","","","","","0.0","","","","","","",""
"-75.72","45.38","OTTAWA CDA RCS","6105978","2024-08-25","2024","08","25","","27.3","","17.3","","22.3","","0.0","","4.3","","","","","","0.0","","","","","","",""
"-75.72","45.38","OTTAWA CDA RCS","6105978","2024-08-26","2024","08","26","","28.6","","15.6","","22.1","","0.0","","4.1","","","","","","0.0","","","","","","",""
"-75.72","45.38","OTTAWA CDA RCS","6105978","2024-08-27","2024","08","27","","28.9","","16.2","","22.5","","0.0","","4.5","","","","","","1.4","","","","20","","37",""
"-75.72","45.38","OTTAWA CDA RCS","6105978","2024-08-28","2024","08","28","","21.3","","13.6","","17.4","","0.6","","0.0","","","","","","0.0","","","","33","","43",""
"-75.72","45.38","OTTAWA CDA RCS","6105978","2024-08-29","2024","08","29","","21.6","","11.4","","16.5","","1.5","","0.0","","","","","","0.0","","","","","","",""
"-75.72","45.38","OTTAWA CDA RCS","6105978","2024-08-30","2024","08","30","","23.4","","12.1","","17.7","","0.3","","0.0","","","","","","1.2","","","","","","",""
"-75.72","45.38","OTTAWA CDA RCS","6105978","2024-08-31","2024","08","31","","24.4","","14.2","","19.3","","0.0","","1.3","","","","","","18.7","","","","21","","35",""
"-75.72","45.38","OTTAWA CDA RCS","6105978","2024-09-01","2024","09","01","","24.6","","11.5","","18.1","","0.0","","0.1","","","","","","0.0","","","","31","","50",""
"-75.72","45.38","OTTAWA CDA RCS","6105978","2024-09-02","2024","09","02","","19.0","","9.6","","14.3","","3.7","","0.0","","","","","","0.0","","","","33","","35",""
"-75.72","45.38","OTTAWA CDA RCS","6105978","2024-09-03","2024","09","03","","23.4","","8.6","","16.0","","2.0","","0.0","","","","","","0.0","","","","","","",""
"-75.72","45.38","OTTAWA CDA RCS","6105978","2024-09-04","2024","09","04","","24.9","","9.9","","17.4","","0.6","","0.0","","","","","","0.0","","","","22","","32",""
"-75.72","45.38","OTTAWA CDA RCS","6105978","2024-09-05","2024","09","05","","25.5","","9.8","","17.6","","0.4","","0.0","","","","","","0.0","","","","19","","34",""
"-75.72","45.38","OTTAWA CDA RCS","6105978","2024-09-06","2024","09","06","","21.9","","13.8","","17.8","","0.2","","0.0","","","","","","1.6","","","","","","",""
"-75.72","45.38","OTTAWA CDA RCS","6105978","2024-09-07","2024","09","07","","17.8","","6.4","","12.1","","5.9","","0.0","","","","","","20.9","","","","27","","40",""
"-75.72","45.38","OTTAWA CDA RCS","6105978","2024-09-08","2024","09","08","","13.1","","6.1","","9.6","","8.4","","0.0","","","","","","0.0","","","","25","","47",""
"-75.72","45.38","OTTAWA CDA RCS","6105978","2024-09-09","2024","09","09","","19.1","","8.5","","13.8","","4.2","","0.0","","","","","","0.1","","","","","","",""
"-75.72","45.38","OTTAWA CDA RCS","6105978","2024-09-10","2024","09","10","","21.1","","6.7","","13.9","","4.1","","0.0","","","","","","0.0","","","","","","",""
"-75.72","45.38","OTTAWA CDA RCS","6105978","2024-09-11","2024","09","11","","24.6","","8.2","","16.4","","1.6","","0.0","","","","","","0.0","","","","","","",""
"-75.72","45.38","OTTAWA CDA RCS","6105978","2024-09-12","2024","09","12","","25.5","","13.9","","19.7","","0.0","","1.7","","","","","","0.0","","","","","","",""
"-75.72","45.38","OTTAWA CDA RCS","6105978","2024-09-13","2024","09","13","","27.8","","12.6","","20.2","","0.0","","2.2","","","","","","0.0","","","","","","",""
"-75.72","45.38","OTTAWA CDA RCS","6105978","2024-09-14","2024","09","14","","28.1","","13.2","","20.6","","0.0","","2.6","","","","","","0.0","","","","","","",""
"-75.72","45.38","OTTAWA CDA RCS","6105978","2024-09-15","2024","09","15","","28.9","","13.9","","21.4","","0.0","","3.4","","","","","","0.0","","","","","","",""
"-75.72","45.38","OTTAWA CDA RCS","6105978","2024-09-16","2024","09","16","","29.1","","12.9","","21.0","","0.0","","3.0","","","","","","0.0","","","","","","",""
"-75.72","45.38","OTTAWA CDA RCS","6105978","2024-09-17","2024","09","17","","29.0","","14.2","","21.6","","0.0","","3.6","","","","","","0.0","","","","","","",""
"-75.72","45.38","OTTAWA CDA RCS","6105978","2024-09-18","2024","09","18","","27.8","","12.5","","20.1","","0.0","","2.1","","","","","","0.0","","","","","","",""
"-75.72","45.38","OTTAWA CDA RCS","6105978","2024-09-19","2024","09","19","","27.8","","13.1","","20.5","","0.0","","2.5","","","","","","0.0","","","","","","",""
"-75.72","45.38","OTTAWA CDA RCS","6105978","2024-09-20","2024","09","20","","26.1","","15.6","","20.9","","0.0","","2.9","","","","","","0.0","","","","","","",""
"-75.72","45.38","OTTAWA CDA RCS","6105978","2024-09-21","2024","09","21","","24.9","","14.7","","19.8","","0.0","","1.8","","","","","","0.0","","","","10","","32",""
"-75.72","45.38","OTTAWA CDA RCS","6105978","2024-09-22","2024","09","22","","23.1","","13.1","","18.1","","0.0","","0.1","","","","","","0.0","","","","8","","31",""
"-75.72","45.38","OTTAWA CDA RCS","6105978","2024-09-23","2024","09","23","","18.3","","14.4","","16.4","","1.6","","0.0","","","","","","0.6","","","","","","",""
"-75.72","45.38","OTTAWA CDA RCS","6105978","2024-09-24","2024","09","24","","20.5","","12.8","","16.7","","1.3","","0.0","","","","","","0.5","","","","9","","37",""
"-75.72","45.38","OTTAWA CDA RCS","6105978","2024-09-25","2024","09","25","","16.6","","13.1","","14.9","","3.1","","0.0","","","","","","24.2","","","","18","","32",""
"-75.72","45.38","OTTAWA CDA RCS","6105978","2024-09-26","2024","09","26","","21.9","","12.0","","17.0","","1.0","","0.0","","","","","","2.1","","","","29","","37",""
"-75.72","45.38","OTTAWA CDA RCS","6105978","2024-09-27","2024","09","27","","21.7","","10.5","","16.1","","1.9","","0.0","","","","","","0.0","","","","","","",""
"-75.72","45.38","OTTAWA CDA RCS","6105978","2024-09-28","2024","09","28","","22.2","","9.1","","15.6","","2.4","","0.0","","","","","","0.0","","","","","","",""
"-75.72","45.38","OTTAWA CDA RCS","6105978","2024-09-29","2024","09","29","","23.7","","10.5","","17.1","","0.9","","0.0","","","","","","0.0","","","","","","",""
"-75.72","45.38","OTTAWA CDA RCS","6105978","2024-09-30","2024","09","30","","22.9","","12.1","","17.5","","0.5","","0.0","","","","","","0.0","","","","","","",""
"-75.72","45.38","OTTAWA CDA RCS","6105978","2024-10-01","2024","10","01","","","M","","M","","M","","M","","M","","","","","","M","","","","M","","M"
"-75.72","45.38","OTTAWA CDA RCS","6105978","2024-10-02","2024","10","02","","16.7","","6.6","","11.7","","6.3","","0.0","","","","","","9.0","","","","","","",""
"-75.72","45.38","OTTAWA CDA RCS","6105978","2024-10-03","2024","10","03","","","M","","M","","M","","M","","M","","","","","","M","","","","M","","M"
"-75.72","45.38","OTTAWA CDA RCS","6105978","2024-10-04","2024","10","04","","20.6","","7.3","","13.9","","4.1","","0.0","","","","","","0.0","","","","","","",""
"-75.72","45.38","OTTAWA CDA RCS","6105978","2024-10-05","2024","10","05","","17.1","","4.1","","10.6","","7.4","","0.0","","","","","","0.0","","","","","","",""
"-75.72","45.38","OTTAWA CDA RCS","6105978","2024-10-06","2024","10","06","","20.2","","3.8","","12.0","","6.0","","0.0","","","","","","8.3","","","","13","","38",""
"-75.72","45.38","OTTAWA CDA RCS","6105978","2024-10-07","2024","10","07","","13.7","","2.4","","8.1","","9.9","","0.0","","","","","","0.0","","","","31","","42",""
"-75.72","45.38","OTTAWA CDA RCS","6105978","2024-10-08","2024","10","08","","14.7","","1.1","","7.9","","10.1","","0.0","","","","","","0.9","","","","","","",""
"-75.72","45.38","OTTAWA CDA RCS","6105978","2024-10-09","2024","10","09","","9.6","","4.6","","7.1","","10.9","","0.0","","","","","","0.2","","","","","","",""
"-75.72","45.38","OTTAWA CDA RCS","6105978","2024-10-10","2024","10","10","","12.3","","4.2","","8.2","","9.8","","0.0","","","","","","0.0","","","","31","","33",""
"-75.72","45.38","OTTAWA CDA RCS","6105978","2024-10-11","2024","10","11","","17.8","","3.6","","10.7","","7.3","","0.0","","","","","","1.2","","","","22","","42",""
"-75.72","45.38","OTTAWA CDA RCS","6105978","2024-10-12","2024","10","12","","14.8","","3.9","","9.4","","8.6","","0.0","","","","","","0.0","","","","34","","51",""
"-75.72","45.38","OTTAWA CDA RCS","6105978","2024-10-13","2024","10","13","","11.0","","5.1","","8.1","","9.9","","0.0","","","","","","0.0","","","","","","",""
"-75.72","45.38","OTTAWA CDA RCS","6105978","2024-10-14","2024","10","14","","11.1","","4.3","","7.7","","10.3","","0.0","","","","","","0.0","","","","35","","39",""
"-75.72","45.38","OTTAWA CDA RCS","6105978","2024-10-15","2024","10","15","","8.9","","4.8","","6.8","","11.2","","0.0","","","","","","1.1","","","","34","","40",""
"-75.72","45.38","OTTAWA CDA RCS","6105978","2024-10-16","2024","10","16","","11.2","","1.7","","6.5","","11.5","","0.0","","","","","","0.0","","","","34","","34",""
"-75.72","45.38","OTTAWA CDA RCS","6105978","2024-10-17","2024","10","17","","14.9","","-0.7","","7.1","","10.9","","0.0","","","","","","0.0","","","","","","",""
"-75.72","45.38","OTTAWA CDA RCS","6105978","2024-10-18","2024","10","18","","","M","","M","","M","","M","","M","","","","","","M","","","","M","","M"
"-75.72","45.38","OTTAWA CDA RCS","6105978","2024-10-19","2024","10","19","","19.7","","-0.5","","9.6","","8.4","","0.0","","","","","","0.0","","","","","","",""
"-75.72","45.38","OTTAWA CDA RCS","6105978","2024-10-20","2024","10","20","","21.1","","3.0","","12.0","","6.0","","0.0","","","","","","0.0","","","","22","","38",""
"-75.72","45.38","OTTAWA CDA RCS","6105978","2024-10-21","2024","10","21","","24.6","","11.0","","17.8","","0.2","","0.0","","","","","","0.0","","","","","","",""
"-75.72","45.38","OTTAWA CDA RCS","6105978","2024-10-22","2024","10","22","","24.3","","9.5","","16.9","","1.1","","0.0","","","","","","0.0","","","","","","",""
"-75.72","45.38","OTTAWA CDA RCS","6105978","2024-10-23","2024","10","23","","20.9","","6.9","","13.9","","4.1","","0.0","","","","","","0.3","","","","20","","43",""
"-75.72","45.38","OTTAWA CDA RCS","6105978","2024-10-24","2024","10","24","","10.0","","-0.5","","4.8","","13.2","","0.0","","","","","","0.0","","","","","","",""
"-75.72","45.38","OTTAWA CDA RCS","6105978","2024-10-25","2024","10","25","","10.1","","-2.0","","4.1","","13.9","","0.0","","","","","","0.0","","","","","","",""
"-75.72","45.38","OTTAWA CDA RCS","6105978","2024-10-26","2024","10","26","","10.5","","0.8","","5.7","","12.3","","0.0","","","","","","0.2","","","","31","","43",""
"-75.72","45.38","OTTAWA CDA RCS","6105978","2024-10-27","2024","10","27","","7.0","","0.3","","3.6","","14.4","","0.0","","","","","","0.0","","","","30","","33",""
"-75.72","45.38","OTTAWA CDA RCS","6105978","2024-10-28","2024","10","28","","6.5","","-3.9","","1.3","","16.7","","0.0","","","","","","0.0","","","","","","",""
"-75.72","45.38","OTTAWA CDA RCS","6105978","2024-10-29","2024","10","29","","11.1","","0.3","","5.7","","12.3","","0.0","","","","","","21.4","","","","16","","36",""
"-75.72","45.38","OTTAWA CDA RCS","6105978","2024-10-30","2024","10","30","","21.9","","7.6","","14.8","","3.2","","0.0","","","","","","0.0","","","","21","","37",""
"-75.72","45.38","OTTAWA CDA RCS","6105978","2024-10-31","2024","10","31","","23.7","","13.7","","18.7","","0.0","","0.7","","","","","","7.8","","","","22","","55",""
"-75.72","45.38","OTTAWA CDA RCS","6105978","2024-11-01","2024","11","01","","","M","","M","","M","","M","","M","","","","","","M","","","","M","","M"
"-75.72","45.38","OTTAWA CDA RCS","6105978","2024-11-02","2024","11","02","","5.6","","-2.4","","1.6","","16.4","","0.0","","","","","","0.0","","","","","","",""
"-75.72","45.38","OTTAWA CDA RCS","6105978","2024-11-03","2024","11","03","","6.4","","-4.4","","1.0","","17.0","","0.0","","","","","","0.0","","","","","","",""
"-75.72","45.38","OTTAWA CDA RCS","6105978","2024-11-04","2024","11","04","","5.6","","1.0","","3.3","","14.7","","0.0","","","","","","7.0","","","","","","",""
"-75.72","45.38","OTTAWA CDA RCS","6105978","2024-11-05","2024","11","05","","19.3","","5.6","","12.4","","5.6","","0.0","","","","","","0.0","","0","","22","","38",""
"-75.72","45.38","OTTAWA CDA RCS","6105978","2024-11-06","2024","11","06","","19.9","","9.4","","14.7","","3.3","","0.0","","","","","","0.0","","0","","21","","44",""
"-75.72","45.38","OTTAWA CDA RCS","6105978","2024-11-07","2024","11","07","","11.2","","5.1","","8.1","","9.9","","0.0","","","","","","0.0","","","","30","","39",""
"-75.72","45.38","OTTAWA CDA RCS","6105978","2024-11-08","2024","11","08","","12.2","","2.5","","7.3","","10.7","","0.0","","","","","","0.5","","","","32","","66",""
"-75.72","45.38","OTTAWA CDA RCS","6105978","2024-11-09","2024","11","09","","7.0","","-0.3","","3.3","","14.7","","0.0","","","","","","0.0","","","","","","",""
"-75.72","45.38","OTTAWA CDA RCS","6105978","2024-11-10","2024","11","10","","5.5","","-2.3","","1.6","","16.4","","0.0","","","","","","4.0","","","","","","",""
"-75.72","45.38","OTTAWA CDA RCS","6105978","2024-11-11","2024","11","11","","12.6","","3.8","","8.2","","9.8","","0.0","","","","","","8.7","","0","","33","","45",""
"-75.72","45.38","OTTAWA CDA RCS","6105978","2024-11-12","2024","11","12","","5.1","","-2.6","","1.3","","16.7","","0.0","","","","","","0.0","","","","32","","47",""
"-75.72","45.38","OTTAWA CDA RCS","6105978","2024-11-13","2024","11","13","","4.3","","-3.7","","0.3","","17.7","","0.0","","","","","","0.0","","","","","","",""
"-75.72","45.38","OTTAWA CDA RCS","6105978","2024-11-14","2024","11","14","","3.3","","-3.0","","0.1","","17.9","","0.0","","","","","","0.0","","","","7","","32",""
"-75.72","45.38","OTTAWA CDA RCS","6105978","2024-11-15","2024","11","15","","10.0","","-0.5","","4.8","","13.2","","0.0","","","","","","0.0","","","","","","",""
"-75.72","45.38","OTTAWA CDA RCS","6105978","2024-11-16","2024","11","16","","13.3","","0.8","","7.1","","10.9","","0.0","","","","","","0.0","","","","","","",""
"-75.72","45.38","OTTAWA CDA RCS","6105978","2024-11-17","2024","11","17","","8.1","","-2.5","","2.8","","15.2","","0.0","","","","","","1.3","","","","","","",""
"-75.72","45.38","OTTAWA CDA RCS","6105978","2024-11-18","2024","11","18","","","","","","","","","","","","","","","","","","","","","","",""
"-75.72","45.38","OTTAWA CDA RCS","6105978","2024-11-19","2024","11","19","","","","","","","","","","","","","","","","","","","","","","",""
"-75.72","45.38","OTTAWA CDA RCS","6105978","2024-11-20","2024","11","20","","","","","","","","","","","","","","","","","","","","","","",""
"-75.72","45.38","OTTAWA CDA RCS","6105978","2024-11-21","2024","11","21","","","","","","","","","","","","","","","","","","","","","","",""
"-75.72","45.38","OTTAWA CDA RCS","6105978","2024-11-22","2024","11","22","","","","","","","","","","","","","","","","","","","","","","",""
"-75.72","45.38","OTTAWA CDA RCS","6105978","2024-11-23","2024","11","23","","","","","","","","","","","","","","","","","","","","","","",""
"-75.72","45.38","OTTAWA CDA RCS","6105978","2024-11-24","2024","11","24","","","","","","","","","","","","","","","","","","","","","","",""
"-75.72","45.38","OTTAWA CDA RCS","6105978","2024-11-25","2024","11","25","","","","","","","","","","","","","","","","","","","","","","",""
"-75.72","45.38","OTTAWA CDA RCS","6105978","2024-11-26","2024","11","26","","","","","","","","","","","","","","","","","","","","","","",""
"-75.72","45.38","OTTAWA CDA RCS","6105978","2024-11-27","2024","11","27","","","","","","","","","","","","","","","","","","","","","","",""
"-75.72","45.38","OTTAWA CDA RCS","6105978","2024-11-28","2024","11","28","","","","","","","","","","","","","","","","","","","","","","",""
"-75.72","45.38","OTTAWA CDA RCS","6105978","2024-11-29","2024","11","29","","","","","","","","","","","","","","","","","","","","","","",""
"-75.72","45.38","OTTAWA CDA RCS","6105978","2024-11-30","2024","11","30","","","","","","","","","","","","","","","","","","","","","","",""
"-75.72","45.38","OTTAWA CDA RCS","6105978","2024-12-01","2024","12","01","","","","","","","","","","","","","","","","","","","","","","",""
"-75.72","45.38","OTTAWA CDA RCS","6105978","2024-12-02","2024","12","02","","","","","","","","","","","","","","","","","","","","","","",""
"-75.72","45.38","OTTAWA CDA RCS","6105978","2024-12-03","2024","12","03","","","","","","","","","","","","","","","","","","","","","","",""
"-75.72","45.38","OTTAWA CDA RCS","6105978","2024-12-04","2024","12","04","","","","","","","","","","","","","","","","","","","","","","",""
"-75.72","45.38","OTTAWA CDA RCS","6105978","2024-12-05","2024","12","05","","","","","","","","","","","","","","","","","","","","","","",""
"-75.72","45.38","OTTAWA CDA RCS","6105978","2024-12-06","2024","12","06","","","","","","","","","","","","","","","","","","","","","","",""
"-75.72","45.38","OTTAWA CDA RCS","6105978","2024-12-07","2024","12","07","","","","","","","","","","","","","","","","","","","","","","",""
"-75.72","45.38","OTTAWA CDA RCS","6105978","2024-12-08","2024","12","08","","","","","","","","","","","","","","","","","","","","","","",""
"-75.72","45.38","OTTAWA CDA RCS","6105978","2024-12-09","2024","12","09","","","","","","","","","","","","","","","","","","","","","","",""
"-75.72","45.38","OTTAWA CDA RCS","6105978","2024-12-10","2024","12","10","","","","","","","","","","","","","","","","","","","","","","",""
"-75.72","45.38","OTTAWA CDA RCS","6105978","2024-12-11","2024","12","11","","","","","","","","","","","","","","","","","","","","","","",""
"-75.72","45.38","OTTAWA CDA RCS","6105978","2024-12-12","2024","12","12","","","","","","","","","","","","","","","","","","","","","","",""
"-75.72","45.38","OTTAWA CDA RCS","6105978","2024-12-13","2024","12","13","","","","","","","","","","","","","","","","","","","","","","",""
"-75.72","45.38","OTTAWA CDA RCS","6105978","2024-12-14","2024","12","14","","","","","","","","","","","","","","","","","","","","","","",""
"-75.72","45.38","OTTAWA CDA RCS","6105978","2024-12-15","2024","12","15","","","","","","","","","","","","","","","","","","","","","","",""
"-75.72","45.38","OTTAWA CDA RCS","6105978","2024-12-16","2024","12","16","","","","","","","","","","","","","","","","","","","","","","",""
"-75.72","45.38","OTTAWA CDA RCS","6105978","2024-12-17","2024","12","17","","","","","","","","","","","","","","","","","","","","","","",""
"-75.72","45.38","OTTAWA CDA RCS","6105978","2024-12-18","2024","12","18","","","","","","","","","","","","","","","","","","","","","","",""
"-75.72","45.38","OTTAWA CDA RCS","6105978","2024-12-19","2024","12","19","","","","","","","","","","","","","","","","","","","","","","",""
"-75.72","45.38","OTTAWA CDA RCS","6105978","2024-12-20","2024","12","20","","","","","","","","","","","","","","","","","","","","","","",""
"-75.72","45.38","OTTAWA CDA RCS","6105978","2024-12-21","2024","12","21","","","","","","","","","","","","","","","","","","","","","","",""
"-75.72","45.38","OTTAWA CDA RCS","6105978","2024-12-22","2024","12","22","","","","","","","","","","","","","","","","","","","","","","",""
"-75.72","45.38","OTTAWA CDA RCS","6105978","2024-12-23","2024","12","23","","","","","","","","","","","","","","","","","","","","","","",""
"-75.72","45.38","OTTAWA CDA RCS","6105978","2024-12-24","2024","12","24","","","","","","","","","","","","","","","","","","","","","","",""
"-75.72","45.38","OTTAWA CDA RCS","6105978","2024-12-25","2024","12","25","","","","","","","","","","","","","","","","","","","","","","",""
"-75.72","45.38","OTTAWA CDA RCS","6105978","2024-12-26","2024","12","26","","","","","","","","","","","","","","","","","","","","","","",""
"-75.72","45.38","OTTAWA CDA RCS","6105978","2024-12-27","2024","12","27","","","","","","","","","","","","","","","","","","","","","","",""
"-75.72","45.38","OTTAWA CDA RCS","6105978","2024-12-28","2024","12","28","","","","","","","","","","","","","","","","","","","","","","",""
"-75.72","45.38","OTTAWA CDA RCS","6105978","2024-12-29","2024","12","29","","","","","","","","","","","","","","","","","","","","","","",""
"-75.72","45.38","OTTAWA CDA RCS","6105978","2024-12-30","2024","12","30","","","","","","","","","","","","","","","","","","","","","","",""
"-75.72","45.38","OTTAWA CDA RCS","6105978","2024-12-31","2024","12","31","","","","","","","","","","","","","","","","","","","","","","",""
